Method,Name,Error,Occurrences
GET,/api/update?value=[value],"RetriesExceeded('http://localhost:8000/api/update?value=234860250', 1, original=timed out)",1
GET,/api/update?value=[value],"RetriesExceeded('http://localhost:8000/api/update?value=279247594', 1, original=timed out)",1
GET,/api/update?value=[value],"RetriesExceeded('http://localhost:8000/api/update?value=788780834', 1, original=timed out)",1
GET,/api/update?value=[value],"RetriesExceeded('http://localhost:8000/api/update?value=759758705', 1, original=timed out)",1
GET,/api/update?value=[value],"RetriesExceeded('http://localhost:8000/api/update?value=78031060', 1, original=timed out)",1
GET,/api/update?value=[value],"RetriesExceeded('http://localhost:8000/api/update?value=93506963', 1, original=timed out)",1
GET,/api/update?value=[value],"RetriesExceeded('http://localhost:8000/api/update?value=847021648', 1, original=timed out)",1
GET,/api/update?value=[value],"RetriesExceeded('http://localhost:8000/api/update?value=678007602', 1, original=timed out)",1
GET,/api/update?value=[value],"RetriesExceeded('http://localhost:8000/api/update?value=119924425', 1, original=timed out)",1
GET,/api/update?value=[value],"RetriesExceeded('http://localhost:8000/api/update?value=173086700', 1, original=timed out)",1
GET,/api/update?value=[value],"RetriesExceeded('http://localhost:8000/api/update?value=840062708', 1, original=timed out)",1
GET,/api/update?value=[value],"RetriesExceeded('http://localhost:8000/api/update?value=423334087', 1, original=timed out)",1
GET,/api/update?value=[value],"RetriesExceeded('http://localhost:8000/api/update?value=968837092', 1, original=timed out)",1
GET,/api/update?value=[value],"RetriesExceeded('http://localhost:8000/api/update?value=459681343', 1, original=timed out)",1
GET,/api/update?value=[value],"RetriesExceeded('http://localhost:8000/api/update?value=929637357', 1, original=timed out)",1
GET,/api/update?value=[value],"RetriesExceeded('http://localhost:8000/api/update?value=217400790', 1, original=timed out)",1
GET,/api/update?value=[value],"RetriesExceeded('http://localhost:8000/api/update?value=134165428', 1, original=timed out)",1
GET,/api/update?value=[value],"RetriesExceeded('http://localhost:8000/api/update?value=160367338', 1, original=timed out)",1
GET,/api/update?value=[value],"RetriesExceeded('http://localhost:8000/api/update?value=1019736655', 1, original=timed out)",1
GET,/api/update?value=[value],"RetriesExceeded('http://localhost:8000/api/update?value=5663835', 1, original=timed out)",1
GET,/api/update?value=[value],"RetriesExceeded('http://localhost:8000/api/update?value=913990554', 1, original=timed out)",1
GET,/api/update?value=[value],"RetriesExceeded('http://localhost:8000/api/update?value=1060296409', 1, original=timed out)",1
GET,/api/update?value=[value],"RetriesExceeded('http://localhost:8000/api/update?value=882623875', 1, original=timed out)",1
GET,/api/update?value=[value],"RetriesExceeded('http://localhost:8000/api/update?value=712392311', 1, original=timed out)",1
GET,/api/update?value=[value],"RetriesExceeded('http://localhost:8000/api/update?value=939048490', 1, original=timed out)",1
GET,/api/update?value=[value],"RetriesExceeded('http://localhost:8000/api/update?value=664626242', 1, original=timed out)",1
GET,/api/update?value=[value],"RetriesExceeded('http://localhost:8000/api/update?value=655751659', 1, original=timed out)",1
GET,/api/update?value=[value],"RetriesExceeded('http://localhost:8000/api/update?value=1022506596', 1, original=timed out)",1
GET,/api/update?value=[value],"RetriesExceeded('http://localhost:8000/api/update?value=74141375', 1, original=timed out)",1
GET,/api/update?value=[value],"RetriesExceeded('http://localhost:8000/api/update?value=125255453', 1, original=timed out)",1
GET,/api/update?value=[value],"RetriesExceeded('http://localhost:8000/api/update?value=746018325', 1, original=timed out)",1
GET,/api/update?value=[value],"RetriesExceeded('http://localhost:8000/api/update?value=291120201', 1, original=timed out)",1
GET,/api/update?value=[value],"RetriesExceeded('http://localhost:8000/api/update?value=120612849', 1, original=timed out)",1
GET,/api/update?value=[value],"RetriesExceeded('http://localhost:8000/api/update?value=423439836', 1, original=timed out)",1
GET,/api/update?value=[value],"RetriesExceeded('http://localhost:8000/api/update?value=545954424', 1, original=timed out)",1
GET,/api/update?value=[value],"RetriesExceeded('http://localhost:8000/api/update?value=629452110', 1, original=timed out)",1
GET,/api/update?value=[value],"RetriesExceeded('http://localhost:8000/api/update?value=466841799', 1, original=timed out)",1
GET,/api/update?value=[value],"RetriesExceeded('http://localhost:8000/api/update?value=321627045', 1, original=timed out)",1
GET,/api/update?value=[value],"RetriesExceeded('http://localhost:8000/api/update?value=708906178', 1, original=timed out)",1
GET,/api/update?value=[value],"RetriesExceeded('http://localhost:8000/api/update?value=365553195', 1, original=timed out)",1
GET,/api/update?value=[value],"RetriesExceeded('http://localhost:8000/api/update?value=428562210', 1, original=timed out)",1
GET,/api/update?value=[value],"RetriesExceeded('http://localhost:8000/api/update?value=730296960', 1, original=timed out)",1
GET,/api/update?value=[value],"RetriesExceeded('http://localhost:8000/api/update?value=631126417', 1, original=timed out)",1
GET,/api/update?value=[value],"RetriesExceeded('http://localhost:8000/api/update?value=441458831', 1, original=timed out)",1
GET,/api/update?value=[value],"RetriesExceeded('http://localhost:8000/api/update?value=857749164', 1, original=timed out)",1
GET,/api/update?value=[value],"RetriesExceeded('http://localhost:8000/api/update?value=494383948', 1, original=timed out)",1
GET,/api/update?value=[value],"RetriesExceeded('http://localhost:8000/api/update?value=786668852', 1, original=timed out)",1
GET,/api/update?value=[value],"RetriesExceeded('http://localhost:8000/api/update?value=1027247086', 1, original=timed out)",1
GET,/api/update?value=[value],"RetriesExceeded('http://localhost:8000/api/update?value=708217722', 1, original=timed out)",1
GET,/api/update?value=[value],"RetriesExceeded('http://localhost:8000/api/update?value=232804595', 1, original=timed out)",1
GET,/api/update?value=[value],"RetriesExceeded('http://localhost:8000/api/update?value=170977745', 1, original=timed out)",1
GET,/api/update?value=[value],"RetriesExceeded('http://localhost:8000/api/update?value=194339019', 1, original=timed out)",1
GET,/api/update?value=[value],"RetriesExceeded('http://localhost:8000/api/update?value=633805027', 1, original=timed out)",1
GET,/api/update?value=[value],"RetriesExceeded('http://localhost:8000/api/update?value=676907932', 1, original=timed out)",1
GET,/api/update?value=[value],"RetriesExceeded('http://localhost:8000/api/update?value=695970153', 1, original=timed out)",1
GET,/api/update?value=[value],"RetriesExceeded('http://localhost:8000/api/update?value=98428688', 1, original=timed out)",1
GET,/api/update?value=[value],"RetriesExceeded('http://localhost:8000/api/update?value=885977202', 1, original=timed out)",1
GET,/api/update?value=[value],"RetriesExceeded('http://localhost:8000/api/update?value=718241523', 1, original=timed out)",1
GET,/api/update?value=[value],"RetriesExceeded('http://localhost:8000/api/update?value=344549949', 1, original=timed out)",1
GET,/api/update?value=[value],"RetriesExceeded('http://localhost:8000/api/update?value=455409769', 1, original=timed out)",1
GET,/api/update?value=[value],"RetriesExceeded('http://localhost:8000/api/update?value=494473548', 1, original=timed out)",1
GET,/api/update?value=[value],"RetriesExceeded('http://localhost:8000/api/update?value=372145569', 1, original=timed out)",1
GET,/api/update?value=[value],"RetriesExceeded('http://localhost:8000/api/update?value=375117225', 1, original=timed out)",1
GET,/api/update?value=[value],"RetriesExceeded('http://localhost:8000/api/update?value=560869915', 1, original=timed out)",1
GET,/api/update?value=[value],"RetriesExceeded('http://localhost:8000/api/update?value=965955855', 1, original=timed out)",1
GET,/api/update?value=[value],"RetriesExceeded('http://localhost:8000/api/update?value=791854908', 1, original=timed out)",1
GET,/api/update?value=[value],"RetriesExceeded('http://localhost:8000/api/update?value=490436787', 1, original=timed out)",1
GET,/api/update?value=[value],"RetriesExceeded('http://localhost:8000/api/update?value=435387489', 1, original=timed out)",1
GET,/api/update?value=[value],"RetriesExceeded('http://localhost:8000/api/update?value=72816158', 1, original=timed out)",1
GET,/api/update?value=[value],"RetriesExceeded('http://localhost:8000/api/update?value=252103963', 1, original=timed out)",1
GET,/api/update?value=[value],"RetriesExceeded('http://localhost:8000/api/update?value=31958529', 1, original=timed out)",1
GET,/api/update?value=[value],"RetriesExceeded('http://localhost:8000/api/update?value=622545768', 1, original=timed out)",1
GET,/api/update?value=[value],"RetriesExceeded('http://localhost:8000/api/update?value=398352382', 1, original=timed out)",1
GET,/api/update?value=[value],"RetriesExceeded('http://localhost:8000/api/update?value=216402861', 1, original=timed out)",1
GET,/api/update?value=[value],"RetriesExceeded('http://localhost:8000/api/update?value=990603152', 1, original=timed out)",1
GET,/api/update?value=[value],"RetriesExceeded('http://localhost:8000/api/update?value=627912160', 1, original=timed out)",1
GET,/api/update?value=[value],"RetriesExceeded('http://localhost:8000/api/update?value=225318539', 1, original=timed out)",1
GET,/api/update?value=[value],"RetriesExceeded('http://localhost:8000/api/update?value=574771101', 1, original=timed out)",1
GET,/api/update?value=[value],"RetriesExceeded('http://localhost:8000/api/update?value=115319222', 1, original=timed out)",1
GET,/api/update?value=[value],"RetriesExceeded('http://localhost:8000/api/update?value=764191675', 1, original=timed out)",1
GET,/api/update?value=[value],"RetriesExceeded('http://localhost:8000/api/update?value=131469148', 1, original=timed out)",1
GET,/api/update?value=[value],"RetriesExceeded('http://localhost:8000/api/update?value=1011052187', 1, original=timed out)",1
GET,/api/update?value=[value],"RetriesExceeded('http://localhost:8000/api/update?value=563408464', 1, original=timed out)",1
GET,/api/update?value=[value],"RetriesExceeded('http://localhost:8000/api/update?value=35589193', 1, original=timed out)",1
GET,/api/update?value=[value],"RetriesExceeded('http://localhost:8000/api/update?value=1001173360', 1, original=timed out)",1
GET,/api/update?value=[value],"RetriesExceeded('http://localhost:8000/api/update?value=552869527', 1, original=timed out)",1
GET,/api/update?value=[value],"RetriesExceeded('http://localhost:8000/api/update?value=136564992', 1, original=timed out)",1
GET,/api/update?value=[value],"RetriesExceeded('http://localhost:8000/api/update?value=779224950', 1, original=timed out)",1
GET,/api/update?value=[value],"RetriesExceeded('http://localhost:8000/api/update?value=756529790', 1, original=timed out)",1
GET,/api/update?value=[value],"RetriesExceeded('http://localhost:8000/api/update?value=39197867', 1, original=timed out)",1
GET,/api/update?value=[value],"RetriesExceeded('http://localhost:8000/api/update?value=529095486', 1, original=timed out)",1
GET,/api/update?value=[value],"RetriesExceeded('http://localhost:8000/api/update?value=487533261', 1, original=timed out)",1
GET,/api/update?value=[value],"RetriesExceeded('http://localhost:8000/api/update?value=400645773', 1, original=timed out)",1
GET,/api/update?value=[value],"RetriesExceeded('http://localhost:8000/api/update?value=828461790', 1, original=timed out)",1
GET,/api/update?value=[value],"RetriesExceeded('http://localhost:8000/api/update?value=505348428', 1, original=timed out)",1
GET,/api/update?value=[value],"RetriesExceeded('http://localhost:8000/api/update?value=622766001', 1, original=timed out)",1
GET,/api/update?value=[value],"RetriesExceeded('http://localhost:8000/api/update?value=89494231', 1, original=timed out)",1
GET,/api/update?value=[value],"RetriesExceeded('http://localhost:8000/api/update?value=453603806', 1, original=timed out)",1
GET,/api/update?value=[value],"RetriesExceeded('http://localhost:8000/api/update?value=537004627', 1, original=timed out)",1
GET,/api/update?value=[value],"RetriesExceeded('http://localhost:8000/api/update?value=931358614', 1, original=timed out)",1
GET,/api/update?value=[value],"RetriesExceeded('http://localhost:8000/api/update?value=812001970', 1, original=timed out)",1
GET,/api/update?value=[value],"RetriesExceeded('http://localhost:8000/api/update?value=304507245', 1, original=timed out)",1
GET,/api/update?value=[value],"RetriesExceeded('http://localhost:8000/api/update?value=753451690', 1, original=timed out)",1
GET,/api/update?value=[value],"RetriesExceeded('http://localhost:8000/api/update?value=1016120041', 1, original=timed out)",1
GET,/api/update?value=[value],"RetriesExceeded('http://localhost:8000/api/update?value=875670883', 1, original=timed out)",1
GET,/api/update?value=[value],"RetriesExceeded('http://localhost:8000/api/update?value=45816274', 1, original=timed out)",1
GET,/api/update?value=[value],"RetriesExceeded('http://localhost:8000/api/update?value=473852190', 1, original=timed out)",1
GET,/api/update?value=[value],"RetriesExceeded('http://localhost:8000/api/update?value=815451625', 1, original=timed out)",1
GET,/api/update?value=[value],"RetriesExceeded('http://localhost:8000/api/update?value=661180706', 1, original=timed out)",1
GET,/api/update?value=[value],"RetriesExceeded('http://localhost:8000/api/update?value=1004613650', 1, original=timed out)",1
GET,/api/update?value=[value],"RetriesExceeded('http://localhost:8000/api/update?value=842384653', 1, original=timed out)",1
GET,/api/update?value=[value],"RetriesExceeded('http://localhost:8000/api/update?value=191515106', 1, original=timed out)",1
GET,/api/update?value=[value],"RetriesExceeded('http://localhost:8000/api/update?value=10682879', 1, original=timed out)",1
GET,/api/update?value=[value],"RetriesExceeded('http://localhost:8000/api/update?value=181130380', 1, original=timed out)",1
GET,/api/update?value=[value],"RetriesExceeded('http://localhost:8000/api/update?value=93000988', 1, original=timed out)",1
GET,/api/update?value=[value],"RetriesExceeded('http://localhost:8000/api/update?value=726797488', 1, original=timed out)",1
GET,/api/update?value=[value],"RetriesExceeded('http://localhost:8000/api/update?value=329168043', 1, original=timed out)",1
GET,/api/update?value=[value],"RetriesExceeded('http://localhost:8000/api/update?value=156074893', 1, original=timed out)",1
GET,/api/update?value=[value],"RetriesExceeded('http://localhost:8000/api/update?value=596704080', 1, original=timed out)",1
GET,/api/update?value=[value],"RetriesExceeded('http://localhost:8000/api/update?value=81393358', 1, original=timed out)",1
GET,/api/update?value=[value],"RetriesExceeded('http://localhost:8000/api/update?value=16053419', 1, original=timed out)",1
GET,/api/update?value=[value],"RetriesExceeded('http://localhost:8000/api/update?value=836636879', 1, original=timed out)",1
GET,/api/update?value=[value],"RetriesExceeded('http://localhost:8000/api/update?value=811813110', 1, original=timed out)",1
GET,/api/update?value=[value],"RetriesExceeded('http://localhost:8000/api/update?value=729161417', 1, original=timed out)",1
GET,/api/update?value=[value],"RetriesExceeded('http://localhost:8000/api/update?value=586948099', 1, original=timed out)",1
GET,/api/update?value=[value],"RetriesExceeded('http://localhost:8000/api/update?value=149533225', 1, original=timed out)",1
GET,/api/update?value=[value],"RetriesExceeded('http://localhost:8000/api/update?value=401015916', 1, original=timed out)",1
GET,/api/update?value=[value],"RetriesExceeded('http://localhost:8000/api/update?value=87663613', 1, original=timed out)",1
GET,/api/update?value=[value],"RetriesExceeded('http://localhost:8000/api/update?value=1055306640', 1, original=timed out)",1
GET,/api/update?value=[value],"RetriesExceeded('http://localhost:8000/api/update?value=918197058', 1, original=timed out)",1
GET,/api/update?value=[value],"RetriesExceeded('http://localhost:8000/api/update?value=67418784', 1, original=timed out)",1
GET,/api/update?value=[value],"RetriesExceeded('http://localhost:8000/api/update?value=54041065', 1, original=timed out)",1
GET,/api/update?value=[value],"RetriesExceeded('http://localhost:8000/api/update?value=506089961', 1, original=timed out)",1
GET,/api/update?value=[value],"RetriesExceeded('http://localhost:8000/api/update?value=836691725', 1, original=timed out)",1
GET,/api/update?value=[value],"RetriesExceeded('http://localhost:8000/api/update?value=181663856', 1, original=timed out)",1
GET,/api/update?value=[value],"RetriesExceeded('http://localhost:8000/api/update?value=54788590', 1, original=timed out)",1
GET,/api/update?value=[value],"RetriesExceeded('http://localhost:8000/api/update?value=164916915', 1, original=timed out)",1
GET,/api/update?value=[value],"RetriesExceeded('http://localhost:8000/api/update?value=791476408', 1, original=timed out)",1
GET,/api/update?value=[value],"RetriesExceeded('http://localhost:8000/api/update?value=874597465', 1, original=timed out)",1
GET,/api/update?value=[value],"RetriesExceeded('http://localhost:8000/api/update?value=772123753', 1, original=timed out)",1
GET,/api/update?value=[value],"RetriesExceeded('http://localhost:8000/api/update?value=132505275', 1, original=timed out)",1
GET,/api/update?value=[value],"RetriesExceeded('http://localhost:8000/api/update?value=155509334', 1, original=timed out)",1
GET,/api/update?value=[value],"RetriesExceeded('http://localhost:8000/api/update?value=558573224', 1, original=timed out)",1
GET,/api/update?value=[value],"RetriesExceeded('http://localhost:8000/api/update?value=675320219', 1, original=timed out)",1
GET,/api/update?value=[value],"RetriesExceeded('http://localhost:8000/api/update?value=193847655', 1, original=timed out)",1
GET,/api/update?value=[value],"RetriesExceeded('http://localhost:8000/api/update?value=211899827', 1, original=timed out)",1
GET,/api/update?value=[value],"RetriesExceeded('http://localhost:8000/api/update?value=590714609', 1, original=timed out)",1
GET,/api/update?value=[value],"RetriesExceeded('http://localhost:8000/api/update?value=243513906', 1, original=timed out)",1
GET,/api/update?value=[value],"RetriesExceeded('http://localhost:8000/api/update?value=444638921', 1, original=timed out)",1
GET,/api/update?value=[value],"RetriesExceeded('http://localhost:8000/api/update?value=389296493', 1, original=timed out)",1
GET,/api/update?value=[value],"RetriesExceeded('http://localhost:8000/api/update?value=950848953', 1, original=timed out)",1
GET,/api/update?value=[value],"RetriesExceeded('http://localhost:8000/api/update?value=200893389', 1, original=timed out)",1
GET,/api/update?value=[value],"RetriesExceeded('http://localhost:8000/api/update?value=477987330', 1, original=timed out)",1
GET,/api/update?value=[value],"RetriesExceeded('http://localhost:8000/api/update?value=866978723', 1, original=timed out)",1
GET,/api/update?value=[value],"RetriesExceeded('http://localhost:8000/api/update?value=40642022', 1, original=timed out)",1
GET,/api/update?value=[value],"RetriesExceeded('http://localhost:8000/api/update?value=506523872', 1, original=timed out)",1
GET,/api/update?value=[value],"RetriesExceeded('http://localhost:8000/api/update?value=956494434', 1, original=timed out)",1
GET,/api/update?value=[value],"RetriesExceeded('http://localhost:8000/api/update?value=906790690', 1, original=timed out)",1
GET,/api/update?value=[value],"RetriesExceeded('http://localhost:8000/api/update?value=118067523', 1, original=timed out)",1
GET,/api/update?value=[value],"RetriesExceeded('http://localhost:8000/api/update?value=1021454532', 1, original=timed out)",1
GET,/api/update?value=[value],"RetriesExceeded('http://localhost:8000/api/update?value=829512089', 1, original=timed out)",1
GET,/api/update?value=[value],"RetriesExceeded('http://localhost:8000/api/update?value=303796192', 1, original=timed out)",1
GET,/api/update?value=[value],"RetriesExceeded('http://localhost:8000/api/update?value=230284412', 1, original=timed out)",1
GET,/api/update?value=[value],"RetriesExceeded('http://localhost:8000/api/update?value=770255196', 1, original=timed out)",1
GET,/api/update?value=[value],"RetriesExceeded('http://localhost:8000/api/update?value=493201702', 1, original=timed out)",1
GET,/api/update?value=[value],"RetriesExceeded('http://localhost:8000/api/update?value=870099487', 1, original=timed out)",1
GET,/api/update?value=[value],"RetriesExceeded('http://localhost:8000/api/update?value=997728892', 1, original=timed out)",1
GET,/api/update?value=[value],"RetriesExceeded('http://localhost:8000/api/update?value=866407920', 1, original=timed out)",1
GET,/api/update?value=[value],"RetriesExceeded('http://localhost:8000/api/update?value=243633095', 1, original=timed out)",1
GET,/api/update?value=[value],"RetriesExceeded('http://localhost:8000/api/update?value=558988771', 1, original=timed out)",1
GET,/api/update?value=[value],"RetriesExceeded('http://localhost:8000/api/update?value=667616012', 1, original=timed out)",1
GET,/api/update?value=[value],"RetriesExceeded('http://localhost:8000/api/update?value=918247135', 1, original=timed out)",1
GET,/api/update?value=[value],"RetriesExceeded('http://localhost:8000/api/update?value=342064137', 1, original=timed out)",1
GET,/api/update?value=[value],"RetriesExceeded('http://localhost:8000/api/update?value=643811222', 1, original=timed out)",1
GET,/api/update?value=[value],"RetriesExceeded('http://localhost:8000/api/update?value=840359799', 1, original=timed out)",1
GET,/api/update?value=[value],"RetriesExceeded('http://localhost:8000/api/update?value=150398141', 1, original=timed out)",1
GET,/api/update?value=[value],"RetriesExceeded('http://localhost:8000/api/update?value=428531030', 1, original=timed out)",1
GET,/api/update?value=[value],"RetriesExceeded('http://localhost:8000/api/update?value=699921014', 1, original=timed out)",1
GET,/api/update?value=[value],"RetriesExceeded('http://localhost:8000/api/update?value=733817931', 1, original=timed out)",1
GET,/api/update?value=[value],"RetriesExceeded('http://localhost:8000/api/update?value=748721040', 1, original=timed out)",1
GET,/api/update?value=[value],"RetriesExceeded('http://localhost:8000/api/update?value=282952676', 1, original=timed out)",1
GET,/api/update?value=[value],"RetriesExceeded('http://localhost:8000/api/update?value=582058626', 1, original=timed out)",1
GET,/api/update?value=[value],"RetriesExceeded('http://localhost:8000/api/update?value=832090570', 1, original=timed out)",1
GET,/api/update?value=[value],"RetriesExceeded('http://localhost:8000/api/update?value=139294393', 1, original=timed out)",1
GET,/api/update?value=[value],"RetriesExceeded('http://localhost:8000/api/update?value=624270427', 1, original=timed out)",1
GET,/api/update?value=[value],"RetriesExceeded('http://localhost:8000/api/update?value=87195902', 1, original=timed out)",1
GET,/api/update?value=[value],"RetriesExceeded('http://localhost:8000/api/update?value=988854812', 1, original=timed out)",1
GET,/api/update?value=[value],"RetriesExceeded('http://localhost:8000/api/update?value=48455840', 1, original=timed out)",1
GET,/api/update?value=[value],"RetriesExceeded('http://localhost:8000/api/update?value=144442484', 1, original=timed out)",1
GET,/api/update?value=[value],"RetriesExceeded('http://localhost:8000/api/update?value=266863590', 1, original=timed out)",1
GET,/api/update?value=[value],"RetriesExceeded('http://localhost:8000/api/update?value=309509615', 1, original=timed out)",1
GET,/api/update?value=[value],"RetriesExceeded('http://localhost:8000/api/update?value=237608254', 1, original=timed out)",1
GET,/api/update?value=[value],"RetriesExceeded('http://localhost:8000/api/update?value=420694121', 1, original=timed out)",1
GET,/api/update?value=[value],"RetriesExceeded('http://localhost:8000/api/update?value=763546506', 1, original=timed out)",1
GET,/api/update?value=[value],"RetriesExceeded('http://localhost:8000/api/update?value=163786353', 1, original=timed out)",1
GET,/api/update?value=[value],"RetriesExceeded('http://localhost:8000/api/update?value=1038511045', 1, original=timed out)",1
GET,/api/update?value=[value],"RetriesExceeded('http://localhost:8000/api/update?value=984048167', 1, original=timed out)",1
GET,/api/update?value=[value],"RetriesExceeded('http://localhost:8000/api/update?value=284477237', 1, original=timed out)",1
GET,/api/update?value=[value],"RetriesExceeded('http://localhost:8000/api/update?value=91247470', 1, original=timed out)",1
GET,/api/update?value=[value],"RetriesExceeded('http://localhost:8000/api/update?value=657733108', 1, original=timed out)",1
GET,/api/update?value=[value],"RetriesExceeded('http://localhost:8000/api/update?value=1070652615', 1, original=timed out)",1
GET,/api/update?value=[value],"RetriesExceeded('http://localhost:8000/api/update?value=483836154', 1, original=timed out)",1
GET,/api/update?value=[value],"RetriesExceeded('http://localhost:8000/api/update?value=394539133', 1, original=timed out)",1
GET,/api/update?value=[value],"RetriesExceeded('http://localhost:8000/api/update?value=238205401', 1, original=timed out)",1
GET,/api/update?value=[value],"RetriesExceeded('http://localhost:8000/api/update?value=633558761', 1, original=timed out)",1
GET,/api/update?value=[value],"RetriesExceeded('http://localhost:8000/api/update?value=633557135', 1, original=timed out)",1
GET,/api/update?value=[value],"RetriesExceeded('http://localhost:8000/api/update?value=311653315', 1, original=timed out)",1
GET,/api/update?value=[value],"RetriesExceeded('http://localhost:8000/api/update?value=416869914', 1, original=timed out)",1
GET,/api/update?value=[value],"RetriesExceeded('http://localhost:8000/api/update?value=129476718', 1, original=timed out)",1
GET,/api/update?value=[value],"RetriesExceeded('http://localhost:8000/api/update?value=967659087', 1, original=timed out)",1
GET,/api/update?value=[value],"RetriesExceeded('http://localhost:8000/api/update?value=793322139', 1, original=timed out)",1
GET,/api/update?value=[value],"RetriesExceeded('http://localhost:8000/api/update?value=402105264', 1, original=timed out)",1
GET,/api/update?value=[value],"RetriesExceeded('http://localhost:8000/api/update?value=698669169', 1, original=timed out)",1
GET,/api/update?value=[value],"RetriesExceeded('http://localhost:8000/api/update?value=188320898', 1, original=timed out)",1
GET,/api/update?value=[value],"RetriesExceeded('http://localhost:8000/api/update?value=101960506', 1, original=timed out)",1
GET,/api/update?value=[value],"RetriesExceeded('http://localhost:8000/api/update?value=40204606', 1, original=timed out)",1
GET,/api/update?value=[value],"RetriesExceeded('http://localhost:8000/api/update?value=999743543', 1, original=timed out)",1
GET,/api/update?value=[value],"RetriesExceeded('http://localhost:8000/api/update?value=947088235', 1, original=timed out)",1
GET,/api/update?value=[value],"RetriesExceeded('http://localhost:8000/api/update?value=235269693', 1, original=timed out)",1
GET,/api/update?value=[value],"RetriesExceeded('http://localhost:8000/api/update?value=87805500', 1, original=timed out)",1
GET,/api/update?value=[value],"RetriesExceeded('http://localhost:8000/api/update?value=167417537', 1, original=timed out)",1
GET,/api/update?value=[value],"RetriesExceeded('http://localhost:8000/api/update?value=1007042093', 1, original=timed out)",1
GET,/api/update?value=[value],"RetriesExceeded('http://localhost:8000/api/update?value=728657972', 1, original=timed out)",1
GET,/api/update?value=[value],"RetriesExceeded('http://localhost:8000/api/update?value=458693103', 1, original=timed out)",1
GET,/api/update?value=[value],"RetriesExceeded('http://localhost:8000/api/update?value=638829982', 1, original=timed out)",1
GET,/api/update?value=[value],"RetriesExceeded('http://localhost:8000/api/update?value=544177640', 1, original=timed out)",1
GET,/api/update?value=[value],"RetriesExceeded('http://localhost:8000/api/update?value=980818568', 1, original=timed out)",1
GET,/api/update?value=[value],"RetriesExceeded('http://localhost:8000/api/update?value=993470065', 1, original=timed out)",1
GET,/api/update?value=[value],"RetriesExceeded('http://localhost:8000/api/update?value=500517655', 1, original=timed out)",1
GET,/api/update?value=[value],"RetriesExceeded('http://localhost:8000/api/update?value=316594815', 1, original=timed out)",1
GET,/api/update?value=[value],"RetriesExceeded('http://localhost:8000/api/update?value=266663218', 1, original=timed out)",1
GET,/api/update?value=[value],"RetriesExceeded('http://localhost:8000/api/update?value=998814929', 1, original=timed out)",1
GET,/api/update?value=[value],"RetriesExceeded('http://localhost:8000/api/update?value=670817424', 1, original=timed out)",1
GET,/api/update?value=[value],"RetriesExceeded('http://localhost:8000/api/update?value=1058295133', 1, original=timed out)",1
GET,/api/update?value=[value],"RetriesExceeded('http://localhost:8000/api/update?value=87987968', 1, original=timed out)",1
GET,/api/update?value=[value],"RetriesExceeded('http://localhost:8000/api/update?value=266094210', 1, original=timed out)",1
GET,/api/update?value=[value],"RetriesExceeded('http://localhost:8000/api/update?value=519320823', 1, original=timed out)",1
GET,/api/update?value=[value],"RetriesExceeded('http://localhost:8000/api/update?value=321098400', 1, original=timed out)",1
GET,/api/update?value=[value],"RetriesExceeded('http://localhost:8000/api/update?value=228714680', 1, original=timed out)",1
GET,/api/update?value=[value],"RetriesExceeded('http://localhost:8000/api/update?value=881177804', 1, original=timed out)",1
GET,/api/update?value=[value],"RetriesExceeded('http://localhost:8000/api/update?value=933796729', 1, original=timed out)",1
GET,/api/update?value=[value],"RetriesExceeded('http://localhost:8000/api/update?value=339671877', 1, original=timed out)",1
GET,/api/update?value=[value],"RetriesExceeded('http://localhost:8000/api/update?value=183089986', 1, original=timed out)",1
GET,/api/update?value=[value],"RetriesExceeded('http://localhost:8000/api/update?value=887018801', 1, original=timed out)",1
GET,/api/update?value=[value],"RetriesExceeded('http://localhost:8000/api/update?value=508175500', 1, original=timed out)",1
GET,/api/update?value=[value],"RetriesExceeded('http://localhost:8000/api/update?value=75948521', 1, original=timed out)",1
GET,/api/update?value=[value],"RetriesExceeded('http://localhost:8000/api/update?value=989592571', 1, original=timed out)",1
GET,/api/update?value=[value],"RetriesExceeded('http://localhost:8000/api/update?value=402468594', 1, original=timed out)",1
GET,/api/update?value=[value],"RetriesExceeded('http://localhost:8000/api/update?value=161643721', 1, original=timed out)",1
GET,/api/update?value=[value],"RetriesExceeded('http://localhost:8000/api/update?value=422857635', 1, original=timed out)",1
GET,/api/update?value=[value],"RetriesExceeded('http://localhost:8000/api/update?value=197390419', 1, original=timed out)",1
GET,/api/update?value=[value],"RetriesExceeded('http://localhost:8000/api/update?value=856393174', 1, original=timed out)",1
GET,/api/update?value=[value],"RetriesExceeded('http://localhost:8000/api/update?value=834410073', 1, original=timed out)",1
GET,/api/update?value=[value],"RetriesExceeded('http://localhost:8000/api/update?value=391335696', 1, original=timed out)",1
GET,/api/update?value=[value],"RetriesExceeded('http://localhost:8000/api/update?value=328512803', 1, original=timed out)",1
GET,/api/update?value=[value],"RetriesExceeded('http://localhost:8000/api/update?value=625157149', 1, original=timed out)",1
GET,/api/update?value=[value],"RetriesExceeded('http://localhost:8000/api/update?value=394876606', 1, original=timed out)",1
GET,/api/update?value=[value],"RetriesExceeded('http://localhost:8000/api/update?value=766537590', 1, original=timed out)",1
GET,/api/update?value=[value],"RetriesExceeded('http://localhost:8000/api/update?value=246922942', 1, original=timed out)",1
GET,/api/update?value=[value],"RetriesExceeded('http://localhost:8000/api/update?value=91271972', 1, original=timed out)",1
GET,/api/update?value=[value],"RetriesExceeded('http://localhost:8000/api/update?value=172996998', 1, original=timed out)",1
GET,/api/update?value=[value],"RetriesExceeded('http://localhost:8000/api/update?value=849307729', 1, original=timed out)",1
GET,/api/update?value=[value],"RetriesExceeded('http://localhost:8000/api/update?value=870834809', 1, original=timed out)",1
GET,/api/update?value=[value],"RetriesExceeded('http://localhost:8000/api/update?value=118185157', 1, original=timed out)",1
GET,on_start,"RetriesExceeded('http://localhost:8000/api/update?value=32768', 1, original=timed out)",22
GET,/api/update?value=[value],"RetriesExceeded('http://localhost:8000/api/update?value=471161060', 1, original=timed out)",1
GET,/api/update?value=[value],"RetriesExceeded('http://localhost:8000/api/update?value=1005084301', 1, original=timed out)",1
GET,/api/update?value=[value],"RetriesExceeded('http://localhost:8000/api/update?value=582244247', 1, original=timed out)",1
GET,/api/update?value=[value],"RetriesExceeded('http://localhost:8000/api/update?value=773829326', 1, original=timed out)",1
GET,/api/update?value=[value],"RetriesExceeded('http://localhost:8000/api/update?value=142492831', 1, original=timed out)",1
GET,/api/update?value=[value],"RetriesExceeded('http://localhost:8000/api/update?value=674127948', 1, original=timed out)",1
GET,/api/update?value=[value],"RetriesExceeded('http://localhost:8000/api/update?value=426117535', 1, original=timed out)",1
GET,/api/update?value=[value],"RetriesExceeded('http://localhost:8000/api/update?value=849254403', 1, original=timed out)",1
GET,/api/update?value=[value],"RetriesExceeded('http://localhost:8000/api/update?value=872471191', 1, original=timed out)",1
GET,/api/update?value=[value],"RetriesExceeded('http://localhost:8000/api/update?value=844027566', 1, original=timed out)",1
GET,/api/update?value=[value],"RetriesExceeded('http://localhost:8000/api/update?value=730471150', 1, original=timed out)",1
GET,/api/update?value=[value],"RetriesExceeded('http://localhost:8000/api/update?value=188706362', 1, original=timed out)",1
GET,/api/update?value=[value],"RetriesExceeded('http://localhost:8000/api/update?value=619510157', 1, original=timed out)",1
GET,/api/update?value=[value],"RetriesExceeded('http://localhost:8000/api/update?value=903020617', 1, original=timed out)",1
GET,/api/update?value=[value],"RetriesExceeded('http://localhost:8000/api/update?value=365192805', 1, original=timed out)",1
GET,/api/update?value=[value],"RetriesExceeded('http://localhost:8000/api/update?value=329784551', 1, original=timed out)",1
GET,/api/update?value=[value],"RetriesExceeded('http://localhost:8000/api/update?value=186417981', 1, original=timed out)",1
GET,/api/update?value=[value],"RetriesExceeded('http://localhost:8000/api/update?value=449750837', 1, original=timed out)",1
GET,/api/update?value=[value],"RetriesExceeded('http://localhost:8000/api/update?value=679109829', 1, original=timed out)",1
GET,/api/update?value=[value],"RetriesExceeded('http://localhost:8000/api/update?value=399044767', 1, original=timed out)",1
GET,/api/update?value=[value],"RetriesExceeded('http://localhost:8000/api/update?value=317530393', 1, original=timed out)",1
GET,/api/update?value=[value],"RetriesExceeded('http://localhost:8000/api/update?value=1057181012', 1, original=timed out)",1
GET,/api/update?value=[value],"RetriesExceeded('http://localhost:8000/api/update?value=714594566', 1, original=timed out)",1
GET,/api/update?value=[value],"RetriesExceeded('http://localhost:8000/api/update?value=112136807', 1, original=timed out)",1
GET,/api/update?value=[value],"RetriesExceeded('http://localhost:8000/api/update?value=1006641437', 1, original=timed out)",1
GET,/api/update?value=[value],"RetriesExceeded('http://localhost:8000/api/update?value=221794150', 1, original=timed out)",1
GET,/api/update?value=[value],"RetriesExceeded('http://localhost:8000/api/update?value=417174413', 1, original=timed out)",1
GET,/api/update?value=[value],"RetriesExceeded('http://localhost:8000/api/update?value=621237793', 1, original=timed out)",1
GET,/api/update?value=[value],"RetriesExceeded('http://localhost:8000/api/update?value=977954643', 1, original=timed out)",1
GET,/api/update?value=[value],"RetriesExceeded('http://localhost:8000/api/update?value=768416267', 1, original=timed out)",1
GET,/api/update?value=[value],"RetriesExceeded('http://localhost:8000/api/update?value=370480340', 1, original=timed out)",1
GET,/api/update?value=[value],"RetriesExceeded('http://localhost:8000/api/update?value=1061403925', 1, original=timed out)",1
GET,/api/update?value=[value],"RetriesExceeded('http://localhost:8000/api/update?value=725058046', 1, original=timed out)",1
GET,/api/update?value=[value],"RetriesExceeded('http://localhost:8000/api/update?value=634916925', 1, original=timed out)",1
GET,/api/update?value=[value],"RetriesExceeded('http://localhost:8000/api/update?value=716188510', 1, original=timed out)",1
GET,/api/update?value=[value],"RetriesExceeded('http://localhost:8000/api/update?value=234167909', 1, original=timed out)",1
GET,/api/update?value=[value],"RetriesExceeded('http://localhost:8000/api/update?value=272650972', 1, original=timed out)",1
GET,/api/update?value=[value],"RetriesExceeded('http://localhost:8000/api/update?value=664375936', 1, original=timed out)",1
GET,/api/update?value=[value],"RetriesExceeded('http://localhost:8000/api/update?value=1026935278', 1, original=timed out)",1
GET,/api/update?value=[value],"RetriesExceeded('http://localhost:8000/api/update?value=775246946', 1, original=timed out)",1
GET,/api/update?value=[value],"RetriesExceeded('http://localhost:8000/api/update?value=952508456', 1, original=timed out)",1
GET,/api/update?value=[value],"RetriesExceeded('http://localhost:8000/api/update?value=808150512', 1, original=timed out)",1
GET,/api/update?value=[value],"RetriesExceeded('http://localhost:8000/api/update?value=213000297', 1, original=timed out)",1
GET,/api/update?value=[value],"RetriesExceeded('http://localhost:8000/api/update?value=860609900', 1, original=timed out)",1
GET,/api/update?value=[value],"RetriesExceeded('http://localhost:8000/api/update?value=830180917', 1, original=timed out)",1
GET,/api/update?value=[value],"RetriesExceeded('http://localhost:8000/api/update?value=825547861', 1, original=timed out)",1
GET,/api/update?value=[value],"RetriesExceeded('http://localhost:8000/api/update?value=869716204', 1, original=timed out)",1
GET,/api/update?value=[value],"RetriesExceeded('http://localhost:8000/api/update?value=739626476', 1, original=timed out)",1
GET,/api/update?value=[value],"RetriesExceeded('http://localhost:8000/api/update?value=1052268451', 1, original=timed out)",1
GET,/api/update?value=[value],"RetriesExceeded('http://localhost:8000/api/update?value=1006015261', 1, original=timed out)",1
GET,/api/update?value=[value],"RetriesExceeded('http://localhost:8000/api/update?value=798095314', 1, original=timed out)",1
GET,/api/update?value=[value],"RetriesExceeded('http://localhost:8000/api/update?value=1020934907', 1, original=timed out)",1
GET,/api/update?value=[value],"RetriesExceeded('http://localhost:8000/api/update?value=549582619', 1, original=timed out)",1
GET,/api/update?value=[value],"RetriesExceeded('http://localhost:8000/api/update?value=108026245', 1, original=timed out)",1
GET,/api/update?value=[value],"RetriesExceeded('http://localhost:8000/api/update?value=610412386', 1, original=timed out)",1
GET,/api/update?value=[value],"RetriesExceeded('http://localhost:8000/api/update?value=274774808', 1, original=timed out)",1
GET,/api/update?value=[value],"RetriesExceeded('http://localhost:8000/api/update?value=991666430', 1, original=timed out)",1
GET,/api/update?value=[value],"RetriesExceeded('http://localhost:8000/api/update?value=94437230', 1, original=timed out)",1
GET,/api/update?value=[value],"RetriesExceeded('http://localhost:8000/api/update?value=485416732', 1, original=timed out)",1
GET,/api/update?value=[value],"RetriesExceeded('http://localhost:8000/api/update?value=338367770', 1, original=timed out)",1
GET,/api/update?value=[value],"RetriesExceeded('http://localhost:8000/api/update?value=441098717', 1, original=timed out)",1
GET,/api/update?value=[value],"RetriesExceeded('http://localhost:8000/api/update?value=679078108', 1, original=timed out)",1
GET,/api/update?value=[value],"RetriesExceeded('http://localhost:8000/api/update?value=889754635', 1, original=timed out)",1
GET,/api/update?value=[value],"RetriesExceeded('http://localhost:8000/api/update?value=248987908', 1, original=timed out)",1
GET,/api/update?value=[value],"RetriesExceeded('http://localhost:8000/api/update?value=940204160', 1, original=timed out)",1
GET,/api/update?value=[value],"RetriesExceeded('http://localhost:8000/api/update?value=695490939', 1, original=timed out)",1
GET,/api/update?value=[value],"RetriesExceeded('http://localhost:8000/api/update?value=480093440', 1, original=timed out)",1
GET,/api/update?value=[value],"RetriesExceeded('http://localhost:8000/api/update?value=80039235', 1, original=timed out)",1
GET,/api/update?value=[value],"RetriesExceeded('http://localhost:8000/api/update?value=911793592', 1, original=timed out)",1
GET,/api/update?value=[value],"RetriesExceeded('http://localhost:8000/api/update?value=807329729', 1, original=timed out)",1
GET,/api/update?value=[value],"RetriesExceeded('http://localhost:8000/api/update?value=167550721', 1, original=timed out)",1
GET,/api/update?value=[value],"RetriesExceeded('http://localhost:8000/api/update?value=253550684', 1, original=timed out)",1
GET,/api/update?value=[value],"RetriesExceeded('http://localhost:8000/api/update?value=380934284', 1, original=timed out)",1
GET,/api/update?value=[value],"RetriesExceeded('http://localhost:8000/api/update?value=282986050', 1, original=timed out)",1
GET,/api/update?value=[value],"RetriesExceeded('http://localhost:8000/api/update?value=686093336', 1, original=timed out)",1
GET,/api/update?value=[value],"RetriesExceeded('http://localhost:8000/api/update?value=1010369813', 1, original=timed out)",1
GET,/api/update?value=[value],"RetriesExceeded('http://localhost:8000/api/update?value=269881864', 1, original=timed out)",1
GET,/api/update?value=[value],"RetriesExceeded('http://localhost:8000/api/update?value=443982742', 1, original=timed out)",1
GET,/api/update?value=[value],"RetriesExceeded('http://localhost:8000/api/update?value=355667991', 1, original=timed out)",1
GET,/api/update?value=[value],"RetriesExceeded('http://localhost:8000/api/update?value=574987835', 1, original=timed out)",1
GET,/api/update?value=[value],"RetriesExceeded('http://localhost:8000/api/update?value=591445894', 1, original=timed out)",1
GET,/api/update?value=[value],"RetriesExceeded('http://localhost:8000/api/update?value=942125870', 1, original=timed out)",1
GET,/api/update?value=[value],"RetriesExceeded('http://localhost:8000/api/update?value=428661688', 1, original=timed out)",1
GET,/api/update?value=[value],"RetriesExceeded('http://localhost:8000/api/update?value=746977702', 1, original=timed out)",1
GET,/api/update?value=[value],"RetriesExceeded('http://localhost:8000/api/update?value=686702637', 1, original=timed out)",1
GET,/api/update?value=[value],"RetriesExceeded('http://localhost:8000/api/update?value=160664651', 1, original=timed out)",1
GET,/api/update?value=[value],"RetriesExceeded('http://localhost:8000/api/update?value=1482468', 1, original=timed out)",1
GET,/api/update?value=[value],"RetriesExceeded('http://localhost:8000/api/update?value=1004497299', 1, original=timed out)",1
GET,/api/update?value=[value],"RetriesExceeded('http://localhost:8000/api/update?value=627703168', 1, original=timed out)",1
GET,/api/update?value=[value],"RetriesExceeded('http://localhost:8000/api/update?value=815225715', 1, original=timed out)",1
GET,/api/update?value=[value],"RetriesExceeded('http://localhost:8000/api/update?value=70796909', 1, original=timed out)",1
GET,/api/update?value=[value],"RetriesExceeded('http://localhost:8000/api/update?value=200193047', 1, original=timed out)",1
GET,/api/update?value=[value],"RetriesExceeded('http://localhost:8000/api/update?value=354917706', 1, original=timed out)",1
GET,/api/update?value=[value],"RetriesExceeded('http://localhost:8000/api/update?value=370158989', 1, original=timed out)",1
GET,/api/update?value=[value],"RetriesExceeded('http://localhost:8000/api/update?value=1019943176', 1, original=timed out)",1
GET,/api/update?value=[value],"RetriesExceeded('http://localhost:8000/api/update?value=1065135988', 1, original=timed out)",1
GET,/api/update?value=[value],"RetriesExceeded('http://localhost:8000/api/update?value=257446505', 1, original=timed out)",1
GET,/api/update?value=[value],"RetriesExceeded('http://localhost:8000/api/update?value=178734842', 1, original=timed out)",1
GET,/api/update?value=[value],"RetriesExceeded('http://localhost:8000/api/update?value=100549536', 1, original=timed out)",1
GET,/api/update?value=[value],"RetriesExceeded('http://localhost:8000/api/update?value=111421410', 1, original=timed out)",1
GET,/api/update?value=[value],"RetriesExceeded('http://localhost:8000/api/update?value=543775652', 1, original=timed out)",1
GET,/api/update?value=[value],"RetriesExceeded('http://localhost:8000/api/update?value=470865647', 1, original=timed out)",1
GET,/api/update?value=[value],"RetriesExceeded('http://localhost:8000/api/update?value=148318793', 1, original=timed out)",1
GET,/api/update?value=[value],"RetriesExceeded('http://localhost:8000/api/update?value=240092135', 1, original=timed out)",1
GET,/api/update?value=[value],"RetriesExceeded('http://localhost:8000/api/update?value=244482593', 1, original=timed out)",1
GET,/api/update?value=[value],"RetriesExceeded('http://localhost:8000/api/update?value=865151870', 1, original=timed out)",1
GET,/api/update?value=[value],"RetriesExceeded('http://localhost:8000/api/update?value=810068653', 1, original=timed out)",1
GET,/api/update?value=[value],"RetriesExceeded('http://localhost:8000/api/update?value=573292478', 1, original=timed out)",1
GET,/api/update?value=[value],"RetriesExceeded('http://localhost:8000/api/update?value=262525616', 1, original=timed out)",1
GET,/api/update?value=[value],"RetriesExceeded('http://localhost:8000/api/update?value=843948770', 1, original=timed out)",1
GET,/api/update?value=[value],"RetriesExceeded('http://localhost:8000/api/update?value=313518729', 1, original=timed out)",1
GET,/api/update?value=[value],"RetriesExceeded('http://localhost:8000/api/update?value=623239375', 1, original=timed out)",1
GET,/api/update?value=[value],"RetriesExceeded('http://localhost:8000/api/update?value=488628800', 1, original=timed out)",1
GET,/api/update?value=[value],"RetriesExceeded('http://localhost:8000/api/update?value=87307441', 1, original=timed out)",1
GET,/api/update?value=[value],"RetriesExceeded('http://localhost:8000/api/update?value=911974867', 1, original=timed out)",1
GET,/api/update?value=[value],"RetriesExceeded('http://localhost:8000/api/update?value=416354679', 1, original=timed out)",1
GET,/api/update?value=[value],"RetriesExceeded('http://localhost:8000/api/update?value=75867102', 1, original=timed out)",1
GET,/api/update?value=[value],"RetriesExceeded('http://localhost:8000/api/update?value=779590568', 1, original=timed out)",1
GET,/api/update?value=[value],"RetriesExceeded('http://localhost:8000/api/update?value=600241266', 1, original=timed out)",1
GET,/api/update?value=[value],"RetriesExceeded('http://localhost:8000/api/update?value=650742235', 1, original=timed out)",1
GET,/api/update?value=[value],"RetriesExceeded('http://localhost:8000/api/update?value=551009569', 1, original=timed out)",1
GET,/api/update?value=[value],"RetriesExceeded('http://localhost:8000/api/update?value=480083522', 1, original=timed out)",1
GET,/api/update?value=[value],"RetriesExceeded('http://localhost:8000/api/update?value=957372293', 1, original=timed out)",1
GET,/api/update?value=[value],"RetriesExceeded('http://localhost:8000/api/update?value=145942977', 1, original=timed out)",1
GET,/api/update?value=[value],"RetriesExceeded('http://localhost:8000/api/update?value=620609367', 1, original=timed out)",1
GET,/api/update?value=[value],"RetriesExceeded('http://localhost:8000/api/update?value=347533621', 1, original=timed out)",1
GET,/api/update?value=[value],"RetriesExceeded('http://localhost:8000/api/update?value=5847030', 1, original=timed out)",1
GET,/api/update?value=[value],"RetriesExceeded('http://localhost:8000/api/update?value=472901386', 1, original=timed out)",1
GET,/api/update?value=[value],"RetriesExceeded('http://localhost:8000/api/update?value=378482197', 1, original=timed out)",1
GET,/api/update?value=[value],"RetriesExceeded('http://localhost:8000/api/update?value=766211936', 1, original=timed out)",1
GET,/api/update?value=[value],"RetriesExceeded('http://localhost:8000/api/update?value=799504035', 1, original=timed out)",1
GET,/api/update?value=[value],"RetriesExceeded('http://localhost:8000/api/update?value=395202848', 1, original=timed out)",1
GET,/api/update?value=[value],"RetriesExceeded('http://localhost:8000/api/update?value=768325627', 1, original=timed out)",1
GET,/api/update?value=[value],"RetriesExceeded('http://localhost:8000/api/update?value=924278204', 1, original=timed out)",1
GET,/api/update?value=[value],"RetriesExceeded('http://localhost:8000/api/update?value=661053827', 1, original=timed out)",1
GET,/api/update?value=[value],"RetriesExceeded('http://localhost:8000/api/update?value=593306089', 1, original=timed out)",1
GET,/api/update?value=[value],"RetriesExceeded('http://localhost:8000/api/update?value=552591638', 1, original=timed out)",1
GET,/api/update?value=[value],"RetriesExceeded('http://localhost:8000/api/update?value=423545681', 1, original=timed out)",1
GET,/api/update?value=[value],"RetriesExceeded('http://localhost:8000/api/update?value=508017889', 1, original=timed out)",1
GET,/api/update?value=[value],"RetriesExceeded('http://localhost:8000/api/update?value=1062245586', 1, original=timed out)",1
GET,/api/update?value=[value],"RetriesExceeded('http://localhost:8000/api/update?value=720688064', 1, original=timed out)",1
GET,/api/update?value=[value],"RetriesExceeded('http://localhost:8000/api/update?value=101939910', 1, original=timed out)",1
GET,/api/update?value=[value],"RetriesExceeded('http://localhost:8000/api/update?value=687349629', 1, original=timed out)",1
GET,/api/update?value=[value],"RetriesExceeded('http://localhost:8000/api/update?value=452189983', 1, original=timed out)",1
GET,/api/update?value=[value],"RetriesExceeded('http://localhost:8000/api/update?value=257896612', 1, original=timed out)",1
GET,/api/update?value=[value],"RetriesExceeded('http://localhost:8000/api/update?value=892540398', 1, original=timed out)",1
GET,/api/update?value=[value],"RetriesExceeded('http://localhost:8000/api/update?value=475207978', 1, original=timed out)",1
GET,/api/update?value=[value],"RetriesExceeded('http://localhost:8000/api/update?value=529403483', 1, original=timed out)",1
GET,/api/update?value=[value],"RetriesExceeded('http://localhost:8000/api/update?value=1028111379', 1, original=timed out)",1
GET,/api/update?value=[value],"RetriesExceeded('http://localhost:8000/api/update?value=944406283', 1, original=timed out)",1
GET,/api/update?value=[value],"RetriesExceeded('http://localhost:8000/api/update?value=38517275', 1, original=timed out)",1
GET,/api/update?value=[value],"RetriesExceeded('http://localhost:8000/api/update?value=994662974', 1, original=timed out)",1
GET,/api/update?value=[value],"RetriesExceeded('http://localhost:8000/api/update?value=626504187', 1, original=timed out)",1
GET,/api/update?value=[value],"RetriesExceeded('http://localhost:8000/api/update?value=855495734', 1, original=timed out)",1
GET,/api/update?value=[value],"RetriesExceeded('http://localhost:8000/api/update?value=390816523', 1, original=timed out)",1
GET,/api/update?value=[value],"RetriesExceeded('http://localhost:8000/api/update?value=635408492', 1, original=timed out)",1
GET,/api/update?value=[value],"RetriesExceeded('http://localhost:8000/api/update?value=814454687', 1, original=timed out)",1
GET,/api/update?value=[value],"RetriesExceeded('http://localhost:8000/api/update?value=598274588', 1, original=timed out)",1
GET,/api/update?value=[value],"RetriesExceeded('http://localhost:8000/api/update?value=539906383', 1, original=timed out)",1
GET,/api/update?value=[value],"RetriesExceeded('http://localhost:8000/api/update?value=766829867', 1, original=timed out)",1
GET,/api/update?value=[value],"RetriesExceeded('http://localhost:8000/api/update?value=446041043', 1, original=timed out)",1
GET,/api/update?value=[value],"RetriesExceeded('http://localhost:8000/api/update?value=840126492', 1, original=timed out)",1
GET,/api/update?value=[value],"RetriesExceeded('http://localhost:8000/api/update?value=391470703', 1, original=timed out)",1
GET,/api/update?value=[value],"RetriesExceeded('http://localhost:8000/api/update?value=420302641', 1, original=timed out)",1
GET,/api/update?value=[value],"RetriesExceeded('http://localhost:8000/api/update?value=326598035', 1, original=timed out)",1
GET,/api/update?value=[value],"RetriesExceeded('http://localhost:8000/api/update?value=121549763', 1, original=timed out)",1
GET,/api/update?value=[value],"RetriesExceeded('http://localhost:8000/api/update?value=252321188', 1, original=timed out)",1
GET,/api/update?value=[value],"RetriesExceeded('http://localhost:8000/api/update?value=156630778', 1, original=timed out)",1
GET,/api/update?value=[value],"RetriesExceeded('http://localhost:8000/api/update?value=537845956', 1, original=timed out)",1
GET,/api/update?value=[value],"RetriesExceeded('http://localhost:8000/api/update?value=589232592', 1, original=timed out)",1
GET,/api/update?value=[value],"RetriesExceeded('http://localhost:8000/api/update?value=17406200', 1, original=timed out)",1
GET,/api/update?value=[value],"RetriesExceeded('http://localhost:8000/api/update?value=240221505', 1, original=timed out)",1
GET,/api/update?value=[value],"RetriesExceeded('http://localhost:8000/api/update?value=123325988', 1, original=timed out)",1
GET,/api/update?value=[value],"RetriesExceeded('http://localhost:8000/api/update?value=4217614', 1, original=timed out)",1
GET,/api/update?value=[value],"RetriesExceeded('http://localhost:8000/api/update?value=64906963', 1, original=timed out)",1
GET,/api/update?value=[value],"RetriesExceeded('http://localhost:8000/api/update?value=355949781', 1, original=timed out)",1
GET,/api/update?value=[value],"RetriesExceeded('http://localhost:8000/api/update?value=714390062', 1, original=timed out)",1
GET,/api/update?value=[value],"RetriesExceeded('http://localhost:8000/api/update?value=496660048', 1, original=timed out)",1
GET,/api/update?value=[value],"RetriesExceeded('http://localhost:8000/api/update?value=511484745', 1, original=timed out)",1
